cleName,cleid,siteId,siteName,mirDownlink,mirUplink
"Subcom, LLC",246759,569,CS Dependable ,16384,5120
Excelerate Energy LP,258344,34057,SUMMIT LNG,16384,5120
Marine Platforms Limited,246911,2614,African Inspiration,16384,5120
Ocean Infinity Group Limited,261292,41724,Ocean Infinity Office,16384,5120
"China Transport Telecommunication Info Gp Co., Ltd",189410,53383,XUE LONG 2 HAO-2,16384,5120
"China Transport Telecommunication Info Gp Co., Ltd",189410,53378,XUE LONG 2 HAO-1,16384,5120
Sapura Drilling Asia Sdn Bhd,270305,58835,SAPURA Berani,16384,5120
Sapura Drilling Asia Sdn Bhd,270305,60679,SAPURA BERANI,16384,5120
OTESAT-MARITEL SA,177128,61239,49823,16384,5120
EO Offshore Services Singapore Pte Ltd,270047,46993,Lewek Hydra,16384,5120
JSAT MOBILE COMMUNICATIONS INC,208629,54624,BLUE WIND,10240,5120
China Shipping Group Company,92303,5687,YANG MEI HU,10240,5120
Eaglestar Shipmanagement (S) Pte Ltd,122643,47138,EAGLE COLATINA,10240,5120
Eaglestar Shipmanagement (S) Pte Ltd,122643,52381,EAGLE CRATO,10240,5120
Eaglestar Shipmanagement (S) Pte Ltd,122643,48166,EAGLE CAMBE,10240,5120
Northern Marine Management Ltd,100954,61096,Woodside Scarlet Ibis,10240,5120
Marine Platforms Limited,246911,1648,African Vision,10240,5120
"China Transport Telecommunication Info Gp Co., Ltd",189410,22720,HAIYANGDIZHILIUHAO,10240,5120
"China Transport Telecommunication Info Gp Co., Ltd",189410,41938,YUAN JING HE,10240,5120
One Net Limited,190841,43307,IT INTREPID,10240,5120
"China Transport Telecommunication Info Gp Co., Ltd",189410,55948,HAIXUN 08,10240,5120
"China Transport Telecommunication Info Gp Co., Ltd",189410,59881,HAI YANG SHI YOU 123,10240,5120
Sapura Drilling Asia Sdn Bhd,270305,60204,Sapura Esperanza,10240,5120
PDE Offshore Corporation,270363,59965,Geo Energy,10240,5120
PDE Offshore Corporation,270363,60591,GEO POWER,10240,5120
KTSAT Co Ltd,171011,61512,TAMHAE 3,10240,5120
SINGAPORE TELECOMMUNICATIONS LTD.,126885,26594,KLINE_HOUSTONBRIDGE,10240,5120
SINGAPORE TELECOMMUNICATIONS LTD.,126885,24830,KLINE_SWANRIVERBRIDGE,10240,5120
SINGAPORE TELECOMMUNICATIONS LTD.,126885,22734,KLINE_ONE HONOLULU ,10240,5120
SINGAPORE TELECOMMUNICATIONS LTD.,126885,24832,KLINE_ONEHONGKONG BRIDGE,10240,5120
SINGAPORE TELECOMMUNICATIONS LTD.,126885,24117,KLINE_GEORGEWASHINGTONBRIDGE,10240,5120
SINGAPORE TELECOMMUNICATIONS LTD.,126885,24427,KLINE_HAMBURG BRIDGE,10240,5120
SINGAPORE TELECOMMUNICATIONS LTD.,126885,22288,KLINE_ONEHELSINKI ,10240,5120
SINGAPORE TELECOMMUNICATIONS LTD.,126885,24765,KLINE_ONE HANGZHOU BAY,10240,5120
SINGAPORE TELECOMMUNICATIONS LTD.,126885,22620,KLINE_ONE HUMBER,10240,5120
SINGAPORE TELECOMMUNICATIONS LTD.,126885,24532,KLINE_ONE HANNOVER,10240,5120
SINGAPORE TELECOMMUNICATIONS LTD.,126885,23223,KLINE_ONEHANOI,10240,5120
Ecubed Systems SL,124385,52532,Alea 2 (BN3083),10240,5120
Eaglestar Shipmanagement (S) Pte Ltd,122643,25577,EAGLE PASSOS,10240,5120
World Link Communications,101174,24167,CMA CGM Semarang,8192,4096
World Link Communications,101174,56095,Cma Cgm Goya2 ,8192,3072
World Link Communications,101174,46998,CMA CGM Beira,8192,3072
Navarino Technology CY Ltd,241791,30272,H3020 TBN LA SEINE,8192,4096
Navarino Technology CY Ltd,241791,30273,AMBERJACK LNG,8192,4096
Navarino Technology CY Ltd,241791,35907,HN3038 TBN COBIA LNG,8192,4096
Navarino Technology CY Ltd,241791,31397,BONITO LNG,8192,4096
Navarino Technology CY Ltd,241791,34084,VIVIT AMERICAS LNG,8192,4096
IEC TELECOM Europe,252060,25622,OTTOMAN_SINCERITY,8192,4096
Navarino Technology CY Ltd,241791,53611,SOLOMOS ,8192,4096
Navarino Technology CY Ltd,241791,52475,THALASSINI NJORD,8192,4096
Navarino Technology CY Ltd,241791,31544,PANTELIS,8192,4096
Navarino Technology CY Ltd,241791,37725,KANARIS 21,8192,4096
Navarino Technology CY Ltd,241791,35751,CAPTAIN LYRISTIS,8192,4096
Navarino Technology CY Ltd,241791,34837,SPYROS,8192,4096
Navarino Technology CY Ltd,241791,39228,SN2342 TBN LORD BYRON 21,8192,4096
Navarino Technology CY Ltd,241791,37726,KAPODISTRIAS 21,8192,4096
Navarino Technology CY Ltd,241791,41834,THALASSINI AGATHA,8192,4096
Navarino Technology CY Ltd,241791,52704,THALASSINI NIKI,8192,4096
Navarino Technology CY Ltd,241791,31882,SPARTO,8192,4096
Navarino Technology CY Ltd,241791,38572,HN5052 TBN MIAOULIS 21,8192,4096
Navarino Technology CY Ltd,241791,52085,MINERVA AMORGOS,8192,4096
Exmar Shipmanagement NV,247963,1368,Excalibur,8192,4096
Exmar Shipmanagement NV,247963,4648,SOMBEKE,8192,4096
Exmar Shipmanagement NV,247963,3777,WAREGEM,8192,4096
Exmar Shipmanagement NV,247963,4537,KAPRIJKE,8192,4096
Exmar Shipmanagement NV,247963,6143,WEPION,8192,4096
Exmar Shipmanagement NV,247963,4714,LIBRAMONT,8192,4096
Exmar Shipmanagement NV,247963,3896,KNOKKE,8192,4096
Exmar Shipmanagement NV,247963,33347,Flanders Pioneer,8192,4096
Exmar Shipmanagement NV,247963,4188,KRUIBEKE,8192,4096
Exmar Shipmanagement NV,247963,4278,WAASMUNSTER,8192,4096
Exmar Shipmanagement NV,247963,7654,MARIANNE,8192,3072
Exmar Shipmanagement NV,247963,4235,WARISOULX,8192,4096
Exmar Shipmanagement NV,247963,4023,KORTRIJK,8192,4096
Exmar Shipmanagement NV,247963,33345,Flanders Innovation,8192,4096
Torm A/S,246773,39514,Torm Voyager,8192,4096
Torm A/S,246773,28293,Torm New Zealand,8192,4096
Torm A/S,246773,1472,Torm Thames,8192,4096
Torm A/S,246773,1623,Torm Venture,8192,4096
China Shipping Group Company,92303,5182,NAN LIN WAN,8192,4096
China Shipping Group Company,92303,5184,XIN LONG YANG,8192,4096
China Shipping Group Company,92303,18753,TONG LIN WAN,8192,4096
China Shipping Group Company,92303,53179,E MEI,8192,4096
China Shipping Group Company,92303,53176,KUN LUN,8192,4096
China Shipping Group Company,92303,6342,RONG LIN WAN,8192,4096
China Shipping Group Company,92303,33291,TAO LIN WAN,8192,4096
China Shipping Group Company,92303,33292,SHAN YING ZUO,8192,4096
China Shipping Group Company,92303,17423,KONG QUE ZUO,8192,4096
China Shipping Group Company,92303,52529,WU DANG,8192,4096
China Shipping Group Company,92303,48050,SHAO LIN,8192,4096
China Shipping Group Company,92303,7840,XIN LIAN YANG,8192,4096
China Shipping Group Company,92303,6343,XIN WEI YANG,8192,4096
China Shipping Group Company,92303,6183,XIN MAO YANG,8192,4096
China Shipping Group Company,92303,6134,XIN HUI YANG,8192,4096
China Shipping Group Company,92303,30598,TIAN E ZUO,8192,4096
China Shipping Group Company,92303,53178,HUA SHAN,8192,4096
Bourbon Management,237549,2151,Bourbon Evolution 807,8192,4096
Bourbon Management,237549,7885,Bourbon Evolution 808,8192,4096
Bourbon Management,237549,863,Bourbon Evolution 802,8192,4096
Bernhard Schulte Shipmanagement (Singapore)Pte Ltd,99134,1166,SFL Sara,8192,4096
Eaglestar Shipmanagement (S) Pte Ltd,122643,58706,Eagle Veracruz,8192,4096
Eaglestar Shipmanagement (S) Pte Ltd,122643,773,Eagle Parana,8192,4096
EAGLESTAR SHIPMANAGEMENT GAS (S) PTE LTD,259926,55000,Seri Damai,8192,4096
Eaglestar Shipmanagement (L) Pte Ltd,39480,1298,Puteri Zamrud,8192,4096
Mol Chemical Tankers Europe A/S,246962,2177,Bonita Ann,8192,4096
Mol Chemical Tankers Europe A/S,246962,2179,Nordic Mari,8192,4096
Mol Chemical Tankers Europe A/S,246962,2168,Bonita Aki,8192,4096
Mol Chemical Tankers Europe A/S,246962,3365,Nordic Maya,8192,4096
POSH FLEET SERVICES PTE LTD,241509,21511,Posh Endurance,8192,4096
POSH FLEET SERVICES PTE LTD,241509,30880,Posh Hawk,8192,4096
POSH FLEET SERVICES PTE LTD,241509,56529,POSH Skimmer,8192,4096
POSH FLEET SERVICES PTE LTD,241509,28792,M/V POSH Champion,8192,4096
POSH FLEET SERVICES PTE LTD,241509,30879,Posh Falcon,8192,4096
POSH FLEET SERVICES PTE LTD,241509,30991,M/V POSH Commander,8192,4096
POSH FLEET SERVICES PTE LTD,241509,56587,POSH Pintail,8192,4096
POSH FLEET SERVICES PTE LTD,241509,35553,POSH Eagle,8192,4096
POSH FLEET SERVICES PTE LTD,241509,54647,POSH Deep C,8192,4096
POSH FLEET SERVICES PTE LTD,241509,58724,POSH RAPTOR,8192,4096
POSH FLEET SERVICES PTE LTD,241509,35555,POSH Osprey,8192,4096
POSH FLEET SERVICES PTE LTD,241509,30881,Posh Teal,8192,4096
Royal Greenland A/S,93330,7390,Sisimiut,8192,4096
Royal Greenland A/S,93330,48438,Tuugaalik (B-326),8192,4096
K-Line LNG Shipping (UK) Ltd,247960,5626,KINISIS,8192,4096
K-Line LNG Shipping (UK) Ltd,247960,5608,PATRIS,8192,4096
K-Line LNG Shipping (UK) Ltd,247960,11646,SYMPHONIC BREEZE,8192,4096
K-Line LNG Shipping (UK) Ltd,247960,12222,AL THAKHIRA,8192,4096
K-Line LNG Shipping (UK) Ltd,247960,12254,AL ORAIQ,8192,4096
K-Line LNG Shipping (UK) Ltd,247960,11009,ARCTIC DISCOVERER,8192,4096
K-Line LNG Shipping (UK) Ltd,247960,12273,UMM AL AMAD,8192,4096
K-Line LNG Shipping (UK) Ltd,247960,11035,ARCTIC VOYAGER,8192,4096
"NYK LNG SHIPMANAGEMENT Co., Ltd.",248003,15028,Pacific Arcadia,8192,4096
"NYK LNG SHIPMANAGEMENT Co., Ltd.",248003,11757,GRAND ELENA,8192,4096
"NYK LNG SHIPMANAGEMENT Co., Ltd.",248003,15342,SEISHUMARU,8192,4096
International Andromeda Shipping SAM,248001,13796,ORANGE STARS,8192,4096
ANTHONY VEDER REDERIJZAKEN BV,96015,659,Coral Energy,8192,4096
ANTHONY VEDER REDERIJZAKEN BV,96015,1117,Coral Acropora,8192,4096
ANTHONY VEDER REDERIJZAKEN BV,96015,1729,M/V Coral Lacera,8192,4096
ANTHONY VEDER REDERIJZAKEN BV,96015,2387,Coral Sticho,8192,4096
ANTHONY VEDER REDERIJZAKEN BV,96015,4595,CORAL PATULA,8192,4096
ANTHONY VEDER REDERIJZAKEN BV,96015,1119,Coral Alicia,8192,4096
ANTHONY VEDER REDERIJZAKEN BV,96015,3307,Coral Monactis,8192,4096
ANTHONY VEDER REDERIJZAKEN BV,96015,17762,Coral Favia,8192,4096
ANTHONY VEDER REDERIJZAKEN BV,96015,2391,Coral Star,8192,4096
ANTHONY VEDER REDERIJZAKEN BV,96015,38561,Coral Furcata,8192,4096
ANTHONY VEDER REDERIJZAKEN BV,96015,932,M/V Coral Parensis,8192,4096
ANTHONY VEDER REDERIJZAKEN BV,96015,36090,Coral Siderea,8192,4096
ANTHONY VEDER REDERIJZAKEN BV,96015,3273,Coral Medusa,8192,4096
ANTHONY VEDER REDERIJZAKEN BV,96015,17763,Coral Fungia,8192,4096
ANTHONY VEDER REDERIJZAKEN BV,96015,17878,Coral Encanto,8192,4096
ANTHONY VEDER REDERIJZAKEN BV,96015,41804,Coral Nordic,8192,4096
ANTHONY VEDER REDERIJZAKEN BV,96015,880,M/V Coral Ivory Anthony Veder Rederijzaken B.V,8192,4096
ANTHONY VEDER REDERIJZAKEN BV,96015,38329,CORAL FRASERI,8192,4096
ANTHONY VEDER REDERIJZAKEN BV,96015,52825,Coral Evolution,8192,4096
ANTHONY VEDER REDERIJZAKEN BV,96015,4661,CORAL PEARL,8192,4096
ANTHONY VEDER REDERIJZAKEN BV,96015,667,Coral Actinia,8192,4096
ANTHONY VEDER REDERIJZAKEN BV,96015,1129,Coral Anthelia,8192,4096
ANTHONY VEDER REDERIJZAKEN BV,96015,699,M/V Coral Leaf,8192,4096
ANTHONY VEDER REDERIJZAKEN BV,96015,465,M/V Coral Lophelia,8192,4096
ANTHONY VEDER REDERIJZAKEN BV,96015,639,M/V Coral Methane,8192,4096
Frontline Management (Bermuda) Ltd,128786,59287,Golden Wave (Hull No. BC85K-3),8192,4096
Frontline Management (Bermuda) Ltd,128786,42322,Front Nausta,8192,4096
Frontline Management (Bermuda) Ltd,128786,4559,SFL Trinity,8192,4096
Frontline Management (Bermuda) Ltd,128786,2339,Golden Finsbury,8192,4096
Frontline Management (Bermuda) Ltd,128786,25553,MONSOON,8192,4096
Frontline Management (Bermuda) Ltd,128786,2803,KSL Stockholm,8192,4096
Frontline Management (Bermuda) Ltd,128786,41562,Front Tyne H3286,8192,4096
Frontline Management (Bermuda) Ltd,128786,4293,Front Cascade,8192,4096
Frontline Management (Bermuda) Ltd,128786,4010,Golden Monterrey,8192,4096
Frontline Management (Bermuda) Ltd,128786,2423,KSL Sapporo,8192,4096
Frontline Management (Bermuda) Ltd,128786,4121,Front Antares,8192,4096
Frontline Management (Bermuda) Ltd,128786,997,M/V Golden Zhejiang,8192,4096
Frontline Management (Bermuda) Ltd,128786,25480,FRONT CRUISER,8192,4096
Frontline Management (Bermuda) Ltd,128786,43045,Odin Highway,8192,4096
Frontline Management (Bermuda) Ltd,128786,1680,SFL Lion NB L0037,8192,4096
Frontline Management (Bermuda) Ltd,128786,7675,GOLDEN SAINT,8192,4096
Frontline Management (Bermuda) Ltd,128786,6023,Golden Ioanari,8192,4096
Frontline Management (Bermuda) Ltd,128786,2367,San Felix,8192,4096
Frontline Management (Bermuda) Ltd,128786,31070,Front Future H1507,8192,4096
Frontline Management (Bermuda) Ltd,128786,17211,FLEX VIGILANT Hull No 8013,8192,4096
Frontline Management (Bermuda) Ltd,128786,4191,Front Duke,8192,4096
Frontline Management (Bermuda) Ltd,128786,48043,Golden Erling,8192,4096
Frontline Management (Bermuda) Ltd,128786,43005,WOLFSBURG (Hull No. 21110036),8192,4096
Frontline Management (Bermuda) Ltd,128786,17208,FLEX VOLUNTEER Hull No 8012,8192,4096
Frontline Management (Bermuda) Ltd,128786,6934,GOLDEN FAST Hull No. B82K-17,8192,4096
Frontline Management (Bermuda) Ltd,128786,42323,Front Driva,8192,4096
Frontline Management (Bermuda) Ltd,128786,4237,Front Clipper,8192,4096
Frontline Management (Bermuda) Ltd,128786,41534,Front Tana,8192,4096
Frontline Management (Bermuda) Ltd,128786,2325,Golden Fulham,8192,4096
Frontline Management (Bermuda) Ltd,128786,41539,Front Gaula,8192,4096
Frontline Management (Bermuda) Ltd,128786,17209,FLEX AMBER Full No 8011,8192,4096
Frontline Management (Bermuda) Ltd,128786,952,M/V Belgravia,8192,4096
Frontline Management (Bermuda) Ltd,128786,2735,Front Thor,8192,4096
Frontline Management (Bermuda) Ltd,128786,2277,Golden Kathrine JMU-TSU 5004,8192,4096
Frontline Management (Bermuda) Ltd,128786,4628,Flex Enterprise,8192,4096
Frontline Management (Bermuda) Ltd,128786,2986,Front Brage,8192,4096
Frontline Management (Bermuda) Ltd,128786,6688,GOLDEN SPIRIT,8192,4096
Frontline Management (Bermuda) Ltd,128786,41526,Front Tweed H3241,8192,4096
Frontline Management (Bermuda) Ltd,128786,4280,Front Classic FCLA-90056,8192,4096
Frontline Management (Bermuda) Ltd,128786,3958,Golden Behike,8192,4096
Frontline Management (Bermuda) Ltd,128786,2600,Golden Rose,8192,4096
Frontline Management (Bermuda) Ltd,128786,3379,Golden Cirrus,8192,4096
Frontline Management (Bermuda) Ltd,128786,5579,Golden Amreen,8192,4096
Frontline Management (Bermuda) Ltd,128786,48044,Golden Grace,8192,4096
Frontline Management (Bermuda) Ltd,128786,2458, SFL Pearl,8192,4096
Frontline Management (Bermuda) Ltd,128786,5650,Golden Myrtalia,8192,4096
Frontline Management (Bermuda) Ltd,128786,28732,FRONT DYNAMIC,8192,4096
Frontline Management (Bermuda) Ltd,128786,42993,Emden (Hull no. 21110035),8192,4096
Frontline Management (Bermuda) Ltd,128786,56470,Golden Sapphire,8192,4096
Frontline Management (Bermuda) Ltd,128786,2724,Golden Bexley,8192,4096
Frontline Management (Bermuda) Ltd,128786,59046,SFL Taurus Hull No: 0311542,8192,4096
Frontline Management (Bermuda) Ltd,128786,649,M/V Golden Beijing,8192,4096
Frontline Management (Bermuda) Ltd,128786,6220,Golden Kennedy,8192,4096
Frontline Management (Bermuda) Ltd,128786,5298,Front Prince,8192,4096
Frontline Management (Bermuda) Ltd,128786,3241,Maersk Sarat Mr. Shravan Jha (Sr Tech Superint.),8192,4096
Frontline Management (Bermuda) Ltd,128786,1907,MV Golden Pearl,8192,4096
Frontline Management (Bermuda) Ltd,128786,6109,Golden Deb,8192,4096
Frontline Management (Bermuda) Ltd,128786,6497,FLEX ARTEMIS Hull No 2479,8192,4096
Frontline Management (Bermuda) Ltd,128786,3005,Front Lynx,8192,4096
Frontline Management (Bermuda) Ltd,128786,6953,CAP SAN Lazaro,8192,4096
Frontline Management (Bermuda) Ltd,128786,2340,KSL Seattle,8192,4096
Frontline Management (Bermuda) Ltd,128786,2358,San Francisca,8192,4096
Frontline Management (Bermuda) Ltd,128786,1083,SFL Hudson,8192,4096
Frontline Management (Bermuda) Ltd,128786,6456,FRONT DISCOVERY Hull No S958,8192,4096
Frontline Management (Bermuda) Ltd,128786,3086,Front  Jaguar,8192,4096
Frontline Management (Bermuda) Ltd,128786,6870,GOLDEN FORTUNE Hull No. B82K-11,8192,4096
Frontline Management (Bermuda) Ltd,128786,58909,SFL Tucana (Hull No. 0311541),8192,4096
Frontline Management (Bermuda) Ltd,128786,56469,Golden Walcott,8192,4096
Frontline Management (Bermuda) Ltd,128786,17210,FLEX AURORA Hull No 8010,8192,4096
Frontline Management (Bermuda) Ltd,128786,2473,Front Idun,8192,4096
Frontline Management (Bermuda) Ltd,128786,6955,CAP SAN JUAN,8192,4096
Frontline Management (Bermuda) Ltd,128786,2092,Front Cheetah,8192,4096
Frontline Management (Bermuda) Ltd,128786,6878,GOLDEN FELLOW Hull No. B82K-14,8192,4096
Frontline Management (Bermuda) Ltd,128786,25552,MISTRAL,8192,4096
Frontline Management (Bermuda) Ltd,128786,1543,SFL Conductor,8192,4096
Frontline Management (Bermuda) Ltd,128786,3415,Golden Cumulus,8192,4096
Frontline Management (Bermuda) Ltd,128786,1032,SFL Yukon,8192,4096
Frontline Management (Bermuda) Ltd,128786,2057,SFL Puma NB L0045,8192,4096
Frontline Management (Bermuda) Ltd,128786,1002,M/V Golden Zhoushan,8192,4096
Frontline Management (Bermuda) Ltd,128786,1635,SFL Tiger,8192,4096
Frontline Management (Bermuda) Ltd,128786,5553,Golden Anastasia,8192,4096
Frontline Management (Bermuda) Ltd,128786,56459,Golden Aquamarine,8192,4096
Frontline Management (Bermuda) Ltd,128786,30557,Asian Ace,8192,4096
Frontline Management (Bermuda) Ltd,128786,7301,GOLDEN CONFIDENCE,8192,4096
Frontline Management (Bermuda) Ltd,128786,5823,Golden Kaki,8192,4096
Frontline Management (Bermuda) Ltd,128786,7852,GOLDEN COMPETENCE,8192,4096
Frontline Management (Bermuda) Ltd,128786,3277,Golden Calvus,8192,4096
Frontline Management (Bermuda) Ltd,128786,1640,Golden Brilliant,8192,4096
Frontline Management (Bermuda) Ltd,128786,663,M/V Golden Future,8192,4096
Frontline Management (Bermuda) Ltd,128786,2386,Golden Aso JMU-TSU 5005,8192,4096
Frontline Management (Bermuda) Ltd,128786,56471,Golden Emerald,8192,4096
Frontline Management (Bermuda) Ltd,128786,6926,GOLDEN FREEZE Hull No. B82K-16,8192,4096
Frontline Management (Bermuda) Ltd,128786,2321,KSL Singapore,8192,4096
Frontline Management (Bermuda) Ltd,128786,2148,Sea Pluto,8192,4096
Frontline Management (Bermuda) Ltd,128786,2609,Golden Ginger,8192,4096
Frontline Management (Bermuda) Ltd,128786,3243,Maersk Skarstind HUll No S784,8192,4096
Frontline Management (Bermuda) Ltd,128786,6929,GOLDEN FURIOUS Hull No. B82K-18,8192,4096
Frontline Management (Bermuda) Ltd,128786,5366,Golden Jake,8192,4096
Frontline Management (Bermuda) Ltd,128786,6876,CAP SAN VINCENT,8192,4096
Frontline Management (Bermuda) Ltd,128786,1683,SFL PANTHER ,8192,4096
Frontline Management (Bermuda) Ltd,128786,1194,M/V SFL Kate,8192,4096
Frontline Management (Bermuda) Ltd,128786,5582,Flex Constellation,8192,4096
Frontline Management (Bermuda) Ltd,128786,4167,Front Challenger,8192,4096
Frontline Management (Bermuda) Ltd,128786,6432,FRONT DEFENDER Hull No S957,8192,4096
Frontline Management (Bermuda) Ltd,128786,2765,KSL Sakura,8192,4096
Frontline Management (Bermuda) Ltd,128786,56468,Golden Duke,8192,4096
Frontline Management (Bermuda) Ltd,128786,1659,KSL China,8192,4096
Frontline Management (Bermuda) Ltd,128786,59288,Golden Tide (Hull No. BC85K-4),8192,4096
Frontline Management (Bermuda) Ltd,128786,3425,Golden Nimbus,8192,4096
Frontline Management (Bermuda) Ltd,128786,2249,San Felipe,8192,4096
Frontline Management (Bermuda) Ltd,128786,3093,Front Ocelot,8192,4096
Frontline Management (Bermuda) Ltd,128786,25559,LEVANT,8192,4096
Frontline Management (Bermuda) Ltd,128786,48045,Golden John,8192,4096
Frontline Management (Bermuda) Ltd,128786,31072,Front Feature H1511,8192,4096
Frontline Management (Bermuda) Ltd,128786,25557,SIROCCO,8192,4096
Frontline Management (Bermuda) Ltd,128786,3073,Sea Orpheus,8192,4096
Frontline Management (Bermuda) Ltd,128786,2347,KSL San Francisco,8192,4096
Frontline Management (Bermuda) Ltd,128786,2356,San Fernando,8192,4096
Frontline Management (Bermuda) Ltd,128786,56467,Golden Earl,8192,4096
Frontline Management (Bermuda) Ltd,128786,4185,Flex Ranger,8192,4096
Frontline Management (Bermuda) Ltd,128786,25556,PASSAT,8192,4096
Frontline Management (Bermuda) Ltd,128786,3000,KSL Seville,8192,4096
Frontline Management (Bermuda) Ltd,128786,2363,KSL Sydney,8192,4096
Frontline Management (Bermuda) Ltd,128786,6874,GOLDEN FRIEND Hull No. B82K-13,8192,4096
Frontline Management (Bermuda) Ltd,128786,31071,Front Favour H1510,8192,4096
Frontline Management (Bermuda) Ltd,128786,41561,Front Orkla H3285,8192,4096
Frontline Management (Bermuda) Ltd,128786,1852,Golden Magnum,8192,4096
Frontline Management (Bermuda) Ltd,128786,879,M/V SFL Humber,8192,4096
Frontline Management (Bermuda) Ltd,128786,6534,GOLDEN COURAGE,8192,4096
Frontline Management (Bermuda) Ltd,128786,942,M/V Battersea,8192,4096
Frontline Management (Bermuda) Ltd,128786,2721,Golden Barnet,8192,4096
Frontline Management (Bermuda) Ltd,128786,2475,KSL Santos,8192,4096
Frontline Management (Bermuda) Ltd,128786,5578,Golden Arion,8192,4096
Frontline Management (Bermuda) Ltd,128786,6025,Golden Keen,8192,4096
Frontline Management (Bermuda) Ltd,128786,3112,Golden Savannah,8192,4096
Frontline Management (Bermuda) Ltd,128786,41525,Front Alta H3240,8192,4096
Frontline Management (Bermuda) Ltd,128786,4403,Front Coral,8192,4096
Frontline Management (Bermuda) Ltd,128786,4119,Flex Rainbow,8192,4096
Frontline Management (Bermuda) Ltd,128786,41471,SFL HAWAII,8192,4096
Frontline Management (Bermuda) Ltd,128786,6777,GOLDEN SPRAY,8192,4096
Frontline Management (Bermuda) Ltd,128786,5460,Golden Houston,8192,4096
Frontline Management (Bermuda) Ltd,128786,6127,Flex Courageous,8192,4096
Frontline Management (Bermuda) Ltd,128786,48053,Golden Star,8192,4096
Frontline Management (Bermuda) Ltd,128786,6094,Golden Sue,8192,4096
Frontline Management (Bermuda) Ltd,128786,6101,Golden Gayle,8192,4096
Frontline Management (Bermuda) Ltd,128786,2901,Golden Swift,8192,4096
Frontline Management (Bermuda) Ltd,128786,3280,Golden Arcus,8192,4096
Frontline Management (Bermuda) Ltd,128786,43009,Thor Highway,8192,4096
Frontline Management (Bermuda) Ltd,128786,4615,Flex Endeavour,8192,4096
Frontline Management (Bermuda) Ltd,128786,2490,SFL Yangtze,8192,4096
Frontline Management (Bermuda) Ltd,128786,7888,Sea Gemini,8192,4096
Frontline Management (Bermuda) Ltd,128786,6686,GOLDEN SKIES,8192,4096
Frontline Management (Bermuda) Ltd,128786,21516,Sea Venus,8192,4096
Frontline Management (Bermuda) Ltd,128786,1907,MV Golden Pearl,8192,4096
Frontline Management (Bermuda) Ltd,128786,1966,Golden Diamond,8192,4096
Frontline Management (Bermuda) Ltd,128786,2260,Front Ull,8192,4096
Frontline Management (Bermuda) Ltd,128786,5036,Front Princess,8192,4096
Frontline Management (Bermuda) Ltd,128786,30556,Green Ace,8192,4096
Frontline Management (Bermuda) Ltd,128786,31068,Front Fusion H1506,8192,4096
Frontline Management (Bermuda) Ltd,128786,48042,Golden Hope,8192,4096
Frontline Management (Bermuda) Ltd,128786,6522,FLEX RESOLUTE Hull No 2480,8192,4096
Frontline Management (Bermuda) Ltd,128786,2231,Golden Daisy,8192,4096
Frontline Management (Bermuda) Ltd,128786,1906,Sea Proteus,8192,4096
Frontline Management (Bermuda) Ltd,128786,6871,GOLDEN FORWARD Hull No. B82K-12,8192,4096
Frontline Management (Bermuda) Ltd,128786,4589,SFL Sabine,8192,4096
RollDock Shipping B.V.,248879,57732,Bigroll Biscay,8192,4096
MIDEAST SHIP MANAGEMENT LTD JLT,174495,1515,Bahri Tabuk,8192,4096
MIDEAST SHIP MANAGEMENT LTD JLT,174495,1288,Sahba,8192,4096
MIDEAST SHIP MANAGEMENT LTD JLT,174495,58108,Bahri Munira,8192,4096
MIDEAST SHIP MANAGEMENT LTD JLT,174495,56422,Bahri Ghadah,8192,4096
MIDEAST SHIP MANAGEMENT LTD JLT,174495,2014,Bahri Wafi,8192,4096
MIDEAST SHIP MANAGEMENT LTD JLT,174495,1673,Bahri Arasco,8192,4096
Maersk Supply Service A/S,251083,21479,Maersk Connector,8192,4096
Maersk Supply Service A/S,251083,22434,Maersk Nomad,8192,4096
TIDEWATER INC.,106250,54959,Pacific Avenger,8192,4096
TIDEWATER INC.,106250,28627,Al Harthy Tide,8192,4096
TIDEWATER INC.,106250,54789,Pacific Gull,8192,4096
TIDEWATER INC.,106250,51507,Pacific Greylag,8192,4096
TIDEWATER INC.,106250,54663,Pacific Goldfinch,8192,4096
TIDEWATER INC.,106250,29007,DEMAREST TIDE,8192,4096
TIDEWATER INC.,106250,28972,SHEPHERD TIDE,8192,4096
TIDEWATER INC.,106250,54797,Pacific Legend,8192,4096
TIDEWATER INC.,106250,54864,Pacific Assegai,8192,4096
TIDEWATER INC.,106250,28615,Ambrosius Tide,8192,4096
TIDEWATER INC.,106250,54793,Pacific Wizard,8192,4096
TIDEWATER INC.,106250,54796,Pacific Porpoise,8192,4096
TIDEWATER INC.,106250,54790,Pacific Dragon,8192,4096
TIDEWATER INC.,106250,54788,Pacific Grebe,8192,4096
TIDEWATER INC.,106250,54664,Pacific Phoenix,8192,4096
TIDEWATER INC.,106250,54725,Pacific Champion,8192,4096
TIDEWATER INC.,106250,54811,Pacific Leader,8192,4096
TIDEWATER INC.,106250,54723,Pacific Viper,8192,4096
TIDEWATER INC.,106250,54898,Pacific Defiance,8192,4096
TIDEWATER INC.,106250,54866,Pacific Panda,8192,4096
TIDEWATER INC.,106250,54728,Pacific Dolphin,8192,4096
TIDEWATER INC.,106250,54771,Pacific Griffon,8192,4096
TIDEWATER INC.,106250,54795,Pacific Valhalla,8192,4096
TIDEWATER INC.,106250,29009,JONES TIDE,8192,4096
TIDEWATER INC.,106250,54787,Pacific Peacock,8192,4096
TIDEWATER INC.,106250,54768,Pacific Vanguard,8192,4096
TIDEWATER INC.,106250,28614,Olivier Tide,8192,4096
TIDEWATER INC.,106250,54794,Pacific Vigilance,8192,4096
TIDEWATER INC.,106250,54720,Pacific Python,8192,4096
TIDEWATER INC.,106250,54662,Pacific Heron,8192,4096
TIDEWATER INC.,106250,54785,Pacific Victory,8192,4096
TIDEWATER INC.,106250,28965,Stephen Wallace Dick,8192,4096
TIDEWATER INC.,106250,58633,TANTALUS TIDE,8192,4096
TIDEWATER INC.,106250,55615,ASL Synergy,8192,4096
TIDEWATER INC.,106250,54730,Pacific Gosling,8192,4096
COASTAL TRANSPORTATION INC.,158240,5356,Coastal Trader,8192,4096
COASTAL TRANSPORTATION INC.,158240,5147,Coastal Navigator,8192,4096
COASTAL TRANSPORTATION INC.,158240,6066,Coastal Standard,8192,4096
COASTAL TRANSPORTATION INC.,158240,5926,Coastal Nomad,8192,4096
COASTAL TRANSPORTATION INC.,158240,5994,Coastal Progress,8192,4096
TRIDENT SEAFOODS,186586,202,F/V Island Enterprise,8192,4096
TRIDENT SEAFOODS,186586,46938,Starbound,8192,4096
TRIDENT SEAFOODS,186586,214,Seattle Enterprise,8192,4096
TRIDENT SEAFOODS,186586,6621,INDEPENDENCE,8192,4096
Wallem Shipmanagement LTD,94976,30479,Emerald Leader,8192,4096
Wallem Shipmanagement LTD,94976,2572,NYK Daniella,8192,4096
Wallem Shipmanagement LTD,94976,30481,Opal Leader,8192,4096
Wallem Shipmanagement LTD,94976,17676,Coral Leader,8192,4096
Wallem Shipmanagement LTD,94976,30482,Spica Leader,8192,4096
China Shipping Group Company,92303,6531,XIANG RUI KOU,8192,3072
Dragon & Elephant Enterprise Company,86385,7378,Solaris,8192,3072
Associated Maritime Company Ltd / AMCL,94975,54841,New Alliance,8192,4096
Associated Maritime Company Ltd / AMCL,94975,61930,New Argosy,8192,4096
MARFLET MARINE SA,99463,36242,Virgen Del Quinche,8192,4096
Northern Marine Management Ltd,100954,15182,LNG ABALAMABIE,8192,4096
Northern Marine Management Ltd,100954,59127,Stena Progressive,8192,4096
Northern Marine Management Ltd,100954,60809,Energos Maria,8192,4096
Northern Marine Management Ltd,100954,42889,STENA PROSPEROUS (Hull No. 19121027),8192,4096
Northern Marine Management Ltd,100954,42893,STENA PRO MARINE (Hull No. 19121025),8192,4096
Northern Marine Management Ltd,100954,59128,Stena Provident,8192,4096
Northern Marine Management Ltd,100954,42892,STENA PRO PATRIA (Hull No. 19121023),8192,4096
Northern Marine Management Ltd,100954,14918,LNG ABUJA II,8192,4096
Northern Marine Management Ltd,100954,42891,STENA PROMISE (Hull No. 19121026),8192,4096
KAWASAKI KISEN KAISHA,112109,14908,Meishan Bridge,8192,4096
KAWASAKI KISEN KAISHA,112109,52752,AXIS RIVER,8192,4096
KAWASAKI KISEN KAISHA,112109,15287,ONE MANHATTAN,8192,4096
KAWASAKI KISEN KAISHA,112109,21596,ONE MACKINAC,8192,4096
KAWASAKI KISEN KAISHA,112109,16822,MADRID BRIDGE,8192,4096
KAWASAKI KISEN KAISHA,112109,14901,ONE MINATO,8192,4096
KAWASAKI KISEN KAISHA,112109,59184,BROOKLYN BRIDGE,8192,4096
Kristian Gerhard Jebsen Skipsrederi AS,247955,3557,SKS Doda 229-16-5052,8192,4096
Kristian Gerhard Jebsen Skipsrederi AS,247955,3553,SKS Driva 221-16-5072,8192,4096
Kristian Gerhard Jebsen Skipsrederi AS,247955,3548,SKS Donggang 227-16-5063,8192,4096
COMSATEL S.A.,190812,4810,SANTIAGO,8192,4096
COMSATEL S.A.,190812,4802,AZTEC,8192,4096
COMSATEL S.A.,190812,40970,ARMONIA,8192,4096
"Subcom, LLC",246759,306,CS Reliance ,8192,4096
"Subcom, LLC",246759,399,CS Global Sentinel,8192,4096
"Subcom, LLC",246759,34860,Endeavour Client 1,8192,4096
"Subcom, LLC",246759,4698,CS Decisive Client 1 ,8192,4096
"Subcom, LLC",246759,34858,Endeavour,8192,4096
"Subcom, LLC",246759,3656,CS Dependable Client,8192,4096
"Subcom, LLC",246759,595,CS Resolute ,8192,4096
"Subcom, LLC",246759,4519,CS Resolute Client 1,8192,4096
"Subcom, LLC",246759,3764,CS Responder Client 1,8192,4096
"Subcom, LLC",246759,324,CS Decisive ,8192,4096
"Subcom, LLC",246759,4560,CS Reliance Client 1,8192,4096
Kotug International BV,145044,57857,SD Grace,8192,4096
Kotug International BV,145044,17044,Beagle Bay,8192,4096
Kotug International BV,145044,7691,RT Roebuck Bay,8192,4096
Kotug International BV,145044,17045,Kuri Bay,8192,4096
Station Satcom Pte Ltd,244172,51406,OCEANA RIVER,8192,4096
Huginn Ehf,246609,136,Huginn VE 55,8192,4096
Ocean Whale Company Ltd.,257089,27706,Fin Whale,8192,4096
Ocean Whale Company Ltd.,257089,27707,Kapitan Solyanik,8192,4096
Ocean Whale Company Ltd.,257089,27710,Grey Whale,8192,4096
Ocean Whale Company Ltd.,257089,27711,Right Whale,8192,4096
Ocean Whale Company Ltd.,257089,27708,Pilot Whale,8192,4096
Ocean Whale Company Ltd.,257089,27712,Sei Whale,8192,4096
AWARITSE NIGERIA LIMITED,236569,51320,Prince Jameson I,8192,4096
California State University,247051,1625,T.S Golden Bear,8192,2048
Hays Ships Ltd,257247,43240,KOMMANDOR ORCA,8192,4096
Misuga Kaiun Co Ltd,122261,34396,Glorious Jasmine,8192,3072
Ocean Viking AS,246985,1196,M/S Ocean Viking (NO),8192,4096
Siem Shipowning I Norway AS,258244,29399,Siem Curie,8192,4096
Royal Greenland,93319,284,Kaassassuk,8192,2048
Royal Greenland,93319,195,F/TR Akamalik,8192,4096
Limmat Inter S.A.,246895,4323,M/V Fishing Success,8192,4096
Limmat Inter S.A.,246895,1007,FISHING VEST,8192,4096
Limmat Inter S.A.,246895,1318,FISHING SEA,8192,4096
Limmat Inter S.A.,246895,3376,Kapitan Morgun,8192,4096
Limmat Inter S.A.,246895,4653,FISHING KORAL,8192,4096
Vinnslustodin Hf,246815,33502,Breki VE61,8192,4096
UECC Unipessoal LDA,246782,411,M/V Autosun,8192,4096
ATLANTIC OFFSHORE MANAGEMENT AS,238412,17820,Ocean Dee,8192,4096
INTERNATIONAL TANKER MANAGEMANT LTD - DUBAI BRANCH,246627,61114,GEM,8192,4096
Deep Frontline Shippers Ltd,247075,48385,Tulja Tanvi,8192,4096
NIPPON YUSEN KABUSHIKI KAISHA,259064,32129,DIAMOND GAS CRYSTAL,8192,4096
NIPPON YUSEN KABUSHIKI KAISHA,259064,32130,DIAMOND GAS VICTORIA,8192,4096
NIPPON YUSEN KABUSHIKI KAISHA,259064,39828,GRACE FREESIA,8192,4096
Navarino Technology CY Ltd,241791,40998,EXQUISITE,8192,4096
One Net Limited,190841,47409,TRUE NEPTUNE,8192,4096
Marlink SAS,163468,39958,Kisogawa,8192,4096
Marlink SAS,163468,39537,Summit River,8192,4096
Marlink SAS,163468,32225,RV Nathaniel B. Palmer,8192,4096
Marlink SAS,163468,32028,RV Blue Heron,8192,4096
Marlink SAS,163468,52058,Sakuragawa,8192,4096
Marlink SAS,163468,51550,GALAXY RIVER,8192,4096
Marlink SAS,163468,43140,Yamatogawa,8192,4096
Marlink SAS,163468,55613,SETAGAWA,8192,4096
Marlink SAS,163468,24209,GAZ MILLENNIUM,8192,4096
SINGAPORE TELECOMMUNICATIONS LTD.,126885,21912,HYPROC_OUGARTA,8192,4096
"China Transport Telecommunication Info Gp Co., Ltd",189410,52000,TAN SUO YI HAO,8192,4096
"China Transport Telecommunication Info Gp Co., Ltd",189410,33285,TAN SUO 2 HAO,8192,4096
"China Transport Telecommunication Info Gp Co., Ltd",189410,31644,XIANGYANGHONG 01,8192,4096
"China Transport Telecommunication Info Gp Co., Ltd",189410,34179,XIANGYANGHONG 06,8192,4096
Geoquip Marine Operations AG,259887,35772,GEOQUIP SAENTIS,8192,4096
Geoquip Marine Operations AG,259887,35730,GEOQUIP SPEER,8192,4096
Geoquip Marine Operations AG,259887,38705,GEOQUIP SEEHORN,8192,4096
Geoquip Marine Operations AG,259887,39856,GEOQUIP ELENA,8192,4096
Geoquip Marine Operations AG,259887,35773,MV INVESTIGATOR,8192,4096
Maersk A/S,259957,36519,MAERSK HERRERA,8192,2048
Maersk A/S,259957,58261,Maersk Havana,8192,2048
Maersk A/S,259957,51306,Santa Isabel,8192,2048
Maersk A/S,259957,51309,Santa Clara,8192,2048
Maersk A/S,259957,36789,Charlotte Maersk,8192,2048
Maersk A/S,259957,48157,Maersk Nusantara,8192,2048
Maersk A/S,259957,52450,Maersk Valparaiso,8192,2048
Maersk A/S,259957,48158,Maersk Chattogram,8192,2048
Maersk A/S,259957,52452,Maersk Vigo,8192,2048
Maersk A/S,259957,36763,Maersk Taikung,8192,2048
Maersk A/S,259957,52349,Maersk Veracruz,8192,2048
Maersk A/S,259957,36522,Maersk Hamburg,8192,2048
Maersk A/S,259957,52248,Maersk Victoria,8192,2048
Maersk A/S,259957,36790,Maersk Serangoon,8192,2048
Seaspan Ship Management Limited,134381,42326,ONE Amazon,8192,4096
Seaspan Ship Management Limited,134381,47589,ONE Focus,8192,4096
Seaspan Ship Management Limited,134381,48036,ONE Fantastic,8192,4096
Seaspan Ship Management Limited,134381,51337,ONE REASSURANCE,8192,4096
Seaspan Ship Management Limited,134381,47606,ZIM Mount Fuji,8192,4096
Seaspan Ship Management Limited,134381,47594,ONE Frontier,8192,4096
Seaspan Ship Management Limited,134381,47226,ONE Freedom,8192,4096
Seaspan Ship Management Limited,134381,51327,ZIM Diamond,8192,4096
Seaspan Ship Management Limited,134381,42303,ONE Parana.,8192,4096
Seaspan Ship Management Limited,134381,42024,ZIM USA,8192,4096
Seaspan Ship Management Limited,134381,48037,ONE Forward,8192,4096
Seaspan Ship Management Limited,134381,51317,ZIM Moonstone,8192,4096
Seaspan Ship Management Limited,134381,42324,ONE Magdalena.,8192,4096
Seaspan Ship Management Limited,134381,48033,ONE Future,8192,4096
Seaspan Ship Management Limited,134381,47601,ZIM Mount Vinson,8192,4096
Seaspan Ship Management Limited,134381,47591,ONE Fortune,8192,4096
Seaspan Ship Management Limited,134381,47605,ZIM Mount Everest,8192,4096
Seaspan Ship Management Limited,134381,47230,ZIM Amber,8192,4096
Seaspan Ship Management Limited,134381,47592,ONE Fruition,8192,4096
Seaspan Ship Management Limited,134381,47227,ZIM Sammy Ofer,8192,4096
Seaspan Ship Management Limited,134381,47228,ONE READINESS,8192,4096
Seaspan Ship Management Limited,134381,48035,Maersk Cleveland,8192,4096
Seaspan Ship Management Limited,134381,51338,ONE RECOGNITION,8192,4096
Seaspan Ship Management Limited,134381,47599,ZIM Mount Olympus,8192,4096
Seaspan Ship Management Limited,134381,51334,ZIM Coral,8192,4096
Seaspan Ship Management Limited,134381,51324,ZIM Sapphire,8192,4096
Seaspan Ship Management Limited,134381,47590,ONE Forever,8192,4096
Seaspan Ship Management Limited,134381,42325,ONE Orinoco,8192,4096
Seaspan Ship Management Limited,134381,51326,ZIM Spinel,8192,4096
Seaspan Ship Management Limited,134381,51318,ZIM Pearl,8192,4096
Seaspan Ship Management Limited,134381,51340,ONE REINFORCEMENT,8192,4096
Seaspan Ship Management Limited,134381,48034,Maersk Cincinnati,8192,4096
Seaspan Ship Management Limited,134381,47600,ZIM Mount Rainier,8192,4096
Seaspan Ship Management Limited,134381,51308,ONE REPUTATION,8192,4096
Seaspan Ship Management Limited,134381,47221,Maersk Charleston,8192,4096
Seaspan Ship Management Limited,134381,51322,ZIM Ruby,8192,4096
Seaspan Ship Management Limited,134381,51328,ZIM Jade,8192,4096
Seaspan Ship Management Limited,134381,47593,ONE Friendship,8192,4096
Seaspan Ship Management Limited,134381,51332,ONE Resolution,8192,4096
Seaspan Ship Management Limited,134381,51333,ONE Responsibility,8192,4096
Seaspan Ship Management Limited,134381,51335,ZIM Emerald,8192,4096
Seaspan Ship Management Limited,134381,51339,ONE Recommendation,8192,4096
Seaspan Ship Management Limited,134381,42301,ZIM Canada,8192,4096
Seaspan Ship Management Limited,134381,51325,ZIM Topaz,8192,4096
Seaspan Ship Management Limited,134381,51315,ZIM Aquamarine,8192,4096
Seaspan Ship Management Limited,134381,47603,ZIM Mount Elbrus,8192,4096
Seaspan Ship Management Limited,134381,51330,ZIM Jasper,8192,4096
Seaspan Ship Management Limited,134381,47598,ZIM Mount Denali,8192,4096
Seaspan Ship Management Limited,134381,47602,ZIM Mount Blanc,8192,4096
Seaspan Ship Management Limited,134381,51331,ONE RESILIENCE,8192,4096
Seaspan Ship Management Limited,134381,51336,ZIM Opal,8192,4096
Seaspan Ship Management Limited,134381,47595,ZIM Mount Kilimanjaro,8192,4096
Seaspan Ship Management Limited,134381,51316,ZIM Alexandrite,8192,4096
Seaspan Ship Management Limited,134381,51341,ONE Reliability,8192,4096
Niqitaq Fisheries Ltd.,223230,60178,Inuksuk II,8192,4096
Ocean Infinity Group Limited,261292,56270,ARMADA 78 05,8192,4096
Ocean Infinity Group Limited,261292,59224,ARMADA 78 04,8192,4096
Ocean Infinity Group Limited,261292,52358,ARMADA 78 01,8192,4096
Ocean Infinity Group Limited,261292,52357,ARMADA 78 02,8192,4096
POSH SAUDI CO.LTD.,258623,21632,Posh Sandpiper,8192,4096
POSH SAUDI CO.LTD.,258623,21593,Posh Pelican,8192,4096
Siem Car Carriers Pte Ltd,270059,47112,SIEM COPERNICUS,8192,4096
DELTA LOGISTICS LTD,270060,55597,DELTA COMMANDER,8192,4096
BRITOIL OFFSHORE SERVICES PTE LTD,155846,60708,Britoil Discovery,8192,4096
Borealis Maritime Ltd,270103,48156,Aurora Horizon,8192,4096
"China Transport Telecommunication Info Gp Co., Ltd",189410,48369,SHEN HAI YI HAO,8192,4096
Siem Shipping UK Ltd,247991,37502,MOSEL ACE,8192,4096
"China Transport Telecommunication Info Gp Co., Ltd",189410,52298,DA YANG HAO,8192,4096
POSH Darussalam Sdn Bhd,270136,52821,POSH ENTERPRISE,8192,4096
POSH Darussalam Sdn Bhd,270136,61781,POSH Endeavour,8192,4096
Sea Trade Marine S.A.,270162,57906,Cassiopeia II,8192,4096
"Subcom, LLC",246759,54880,Ocean Surveyor,8192,4096
AVA OCEAN AS,270197,54994,ARCTIC PEARL,8192,4096
NLNG Ship Management Ltd,247962,56301,LNG BAYELSA,8192,4096
Columbia Shipmanagement Limited,259934,61320,Plata West,8192,4096
Petroleum and Energy Telecommunications,270213,61194,Zamil LB9,8192,4096
Petroleum and Energy Telecommunications,270213,56690,Zamil 63,8192,4096
Petroleum and Energy Telecommunications,270213,59411,Zamil LB8,8192,4096
Zamil Offshore Services Company,270153,53772,Zamil 65,8192,4096
Petroleum and Energy Telecommunications,270213,59409,Zamil LB7,8192,4096
Malaysia Vietnam Offshore Terminals Limited,270295,57719,FSO Orkid,8192,4096
ATHENIAN SEA CARRIERS LTD.,270303,57715,Captain X Kyriakou,8192,4096
OPTRA SHIPPING LTD,270308,57764,Bertolle,8192,4096
Siem Shipping UK Ltd,247991,37498,LEEVSTEN,8192,4096
I.T. INTERNATIONAL TELECOM MARINE SRL,270312,57956,IT-Infinity,8192,4096
Frontline Management (Bermuda) Ltd,128786,33096,Avance Polaris H.2357,8192,4096
Frontline Management (Bermuda) Ltd,128786,33097,Avance Capella H.2358,8192,4096
Frontline Management (Bermuda) Ltd,128786,39313,Avance Rigel H.2360,8192,4096
Frontline Management (Bermuda) Ltd,128786,39314,Avance Avior H.2361,8192,4096
Frontline Management (Bermuda) Ltd,128786,25547,PAMPERO,8192,4096
Frontline Management (Bermuda) Ltd,128786,25548,CHINOOK,8192,4096
J.F.K Trol P/F,270360,59484,ARCTIC VIKING,8192,2048
PT. Pertamina International Shipping,270380,60552,PERTAMINA GAS CASPIA,8192,4096
PT. Pertamina International Shipping,270380,60553,PERTAMINA GAS DAHLIA,8192,4096
"Hong Kong Ming Wah Shipping Co., Ltd",94995,61159,PACIFIC WARRIOR,8192,4096
"Hong Kong Ming Wah Shipping Co., Ltd",94995,61155,PACIFIC MERCHANTS,8192,4096
Frontline Management (Bermuda) Ltd,128786,60951,Savannah Express,8192,4096
Felucca Maritime Services LLC,270406,61454,Fire Opal,8192,4096
Felucca Maritime Services LLC,270406,61455,Trapiche Emerald,8192,4096
Frontline Management (Bermuda) Ltd,128786,59922,Front Rauma,8192,4096
Frontline Management (Bermuda) Ltd,128786,60256,Front Surna,8192,4096
Frontline Management (Bermuda) Ltd,128786,60254,Front Forth,8192,4096
Frontline Management (Bermuda) Ltd,128786,59930,Front Vosso,8192,4096
Frontline Management (Bermuda) Ltd,128786,60255,Front Vefsna,8192,4096
Frontline Management (Bermuda) Ltd,128786,59928,Front Flores,8192,4096
Frontline Management (Bermuda) Ltd,128786,59923,Front Neiden,8192,4096
Frontline Management (Bermuda) Ltd,128786,60253,Front Eira,8192,4096
Frontline Management (Bermuda) Ltd,128786,59927,Front Osen,8192,4096
Frontline Management (Bermuda) Ltd,128786,60252,Front Eagle,8192,4096
Frontline Management (Bermuda) Ltd,128786,59944,Front Beauly,8192,4096
Frontline Management (Bermuda) Ltd,128786,59949,Front Naver,8192,4096
Frontline Management (Bermuda) Ltd,128786,59925,Front Cloud,8192,4096
Frontline Management (Bermuda) Ltd,128786,59948,Front Morgan,8192,4096
Frontline Management (Bermuda) Ltd,128786,59947,Front Humber,8192,4096
Frontline Management (Bermuda) Ltd,128786,59946,Front Gander,8192,4096
Frontline Management (Bermuda) Ltd,128786,60259,Front Clyde,8192,4096
Frontline Management (Bermuda) Ltd,128786,59942,Front Dee,8192,4096
Frontline Management (Bermuda) Ltd,128786,60258,Front Spey,8192,4096
Frontline Management (Bermuda) Ltd,128786,59924,Front Hawke,8192,4096
Frontline Management (Bermuda) Ltd,128786,59943,Front Tay,8192,4096
Frontline Management (Bermuda) Ltd,128786,59941,Front Beaver,8192,4096
Frontline Management (Bermuda) Ltd,128786,60257,Front Otra,8192,4096
Frontline Management (Bermuda) Ltd,128786,59920,Front Maine,8192,4096
Frontline Management (Bermuda) Ltd,128786,59653,Skandi Mercur,8192,4096
Frontline Management (Bermuda) Ltd,128786,59652,Skandi Jupiter,8192,4096
JSAT MOBILE COMMUNICATIONS INC,208629,58992,NINE FRONTIER,8192,4096
JSAT MOBILE COMMUNICATIONS INC,208629,55197,ASUKA II,8192,4096
JSAT MOBILE COMMUNICATIONS INC,208629,47207,MIRAI,8192,4096
JSAT MOBILE COMMUNICATIONS INC,208629,29547,Shinsei Maru,8192,4096
JSAT MOBILE COMMUNICATIONS INC,208629,31119,KAIMEI,8192,4096
JSAT MOBILE COMMUNICATIONS INC,208629,7170,CHIKYU,8192,4096
JSAT MOBILE COMMUNICATIONS INC,208629,42431,HAKUHO MARU,8192,4096
KDDI Corporation,37575,6951,KDDI CABLE INFINITY,8192,4096
"China Transport Telecommunication Info Gp Co., Ltd",189410,4490,MCN Beijing,8192,3072
"Ship Data Center Co., Ltd.",256580,7072,SHIP DC - DEMO,8192,3072
Exmar Shipmanagement NV,247963,4122,KALLO (Hanjin P0126),8192,4096
Exmar Shipmanagement NV,247963,4268,KAPELLEN,8192,4096
Exmar Shipmanagement NV,247963,4368,KOKSIJDE,8192,4096
Exmar Shipmanagement NV,247963,3972,KONTICH,8192,4096
Eaglestar Shipmanagement (S) Pte Ltd,122643,4507,Eagle Varna,8192,4096
Eaglestar Shipmanagement (S) Pte Ltd,122643,4439,Eagle Kinarut,8192,4096
Eaglestar Shipmanagement (L) Pte Ltd,39480,1505,Puteri Firus Satu,8192,4096
ANTHONY VEDER REDERIJZAKEN BV,96015,5474,Coral Energice,8192,4096
Westrybflot JSC,250681,4637,Staryy Arbat,8192,4096
Morskaya Zvezda Ltd.,250264,5559,Kurshskaya Kosa,8192,4096
Morskaya Zvezda Ltd.,250264,3662,Karacharovo,8192,4096
Morskaya Zvezda Ltd.,250264,32437,Iosif Shmelkin,8192,4096
RPK Rybflot FOR AO,250281,3674,Nivenskoye,8192,4096
RPK Rybflot FOR AO,250281,2046,Boris Syromyatnikov,8192,4096
RPK Rybflot FOR AO,250281,3665,Valeriy Dzhaparidze,8192,4096
JSC Atlantrybflot,130495,5563,Baltiyskaya Kosa,8192,4096
LSC SIA,230069,2941,Uzava,8192,4096
Fiskkaup Ehf,246519,51834,Kristrun RE,8192,4096
Murmansk Trawl Fleet JSC,246632,42497,Kapitan Bulatov,8192,4096
FTAI PIONEER MI LLC,259725,34475,PIONEER,8192,4096
Lagoon Sea Cruises LTD,261275,41487,BLUE SAPPHIRE,8192,4096
Thome Offshore Management Pte Ltd,246767,54923,Starling,8192,4096
Sea Ship Management Ltd.,270249,56220,BOGAZICI,8192,4096
AST Connections Ltd,85991,42907,AKSAZ GGGK,8192,4096
AST Connections Ltd,85991,57029,AKSAZ 2023,8192,4096
AST Connections Ltd,85991,45078,AKSAZ 2 GGGL,8192,4096
China Shipping Group Company,92303,32108,YUAN TANG WAN,8192,4096
Royal Greenland A/S,93330,17672,Avataq,8192,4096
Royal Greenland A/S,93330,40681,Nataarnaq,8192,4096
Frontline Management (Bermuda) Ltd,128786,48041,Golden Lion,8192,4096
Frontline Management (Bermuda) Ltd,128786,54090,Maersk Pelepas / CHB 077,8192,4096
Frontline Management (Bermuda) Ltd,128786,3926,Front Sirius,8192,4096
Frontline Management (Bermuda) Ltd,128786,2337,Sea Pegasus,8192,4096
Frontline Management (Bermuda) Ltd,128786,3823,SEA POSEIDON,8192,4096
Frontline Management (Bermuda) Ltd,128786,4366,Front Cosmos,8192,4096
Frontline Management (Bermuda) Ltd,128786,48040,Golden Soul,8192,4096
Frontline Management (Bermuda) Ltd,128786,6875,GOLDEN FROST Hull No. B82K-15,8192,4096
Frontline Management (Bermuda) Ltd,128786,3846,Front Altair,8192,4096
Frontline Management (Bermuda) Ltd,128786,3255,Maersk Shivling HULL no 4098,8192,4096
Frontline Management (Bermuda) Ltd,128786,2482,Golden Ruby,8192,4096
Frontline Management (Bermuda) Ltd,128786,3994,Front Vega,8192,4096
Frontline Management (Bermuda) Ltd,128786,3860,Golden Amber P010,8192,4096
Frontline Management (Bermuda) Ltd,128786,4171,Front Crown,8192,4096
Frontline Management (Bermuda) Ltd,128786,6589,GOLDEN COMFORT,8192,4096
Frontline Management (Bermuda) Ltd,128786,54091,Maersk Phuket,8192,4096
Frontline Management (Bermuda) Ltd,128786,3213,GOLDEN SURABAYA,8192,4096
Frontline Management (Bermuda) Ltd,128786,25554,BREEZE,8192,4096
Frontline Management (Bermuda) Ltd,128786,6592,GOLDEN CHAMPION,8192,4096
Frontline Management (Bermuda) Ltd,128786,3328,Golden Scape,8192,4096
Frontline Management (Bermuda) Ltd,128786,2543,KSL Salvador,8192,4096
Frontline Management (Bermuda) Ltd,128786,6559,GOLDEN CORAL,8192,4096
Frontline Management (Bermuda) Ltd,128786,1537,Blue Lhotse.,8192,4096
MIDEAST SHIP MANAGEMENT LTD JLT,174495,2021,Bahri Trader,8192,4096
MIDEAST SHIP MANAGEMENT LTD JLT,174495,1481,Bahri Abha,8192,4096
MIDEAST SHIP MANAGEMENT LTD JLT,174495,1301,Bahri Yanbu,8192,4096
MIDEAST SHIP MANAGEMENT LTD JLT,174495,1243,Layla,8192,4096
MIDEAST SHIP MANAGEMENT LTD JLT,174495,1497,Bahri Hofuf,8192,4096
MIDEAST SHIP MANAGEMENT LTD JLT,174495,1677,Bahri Bulk,8192,4096
MIDEAST SHIP MANAGEMENT LTD JLT,174495,1302,Bahri Jeddah,8192,4096
MIDEAST SHIP MANAGEMENT LTD JLT,174495,1286,Ghazal,8192,4096
MIDEAST SHIP MANAGEMENT LTD JLT,174495,532,Wafrah,8192,4096
MIDEAST SHIP MANAGEMENT LTD JLT,174495,1296,Bahri Jazan,8192,4096
MIDEAST SHIP MANAGEMENT LTD JLT,174495,1684,Bahri Grain,8192,4096
KAWASAKI KISEN KAISHA,112109,38712,ENSHU MARU,8192,4096
KAWASAKI KISEN KAISHA,112109,38711,BISHU MARU,8192,4096
"Subcom, LLC",246759,4488,CS Global Sentinel Client 1,8192,4096
"Subcom, LLC",246759,553,CS Responder,8192,4096
Westrybflot JSC,250681,4375,Zamoskvorechye,8192,4096
Westrybflot JSC,250681,4057,Lazurnyy,8192,4096
RPK Rybflot FOR AO,250281,39585,Zakhar Sorokin,8192,4096
Mermaid Subsea Services,246926,558,M/V Mermaid Asiana ,8192,4096
Marlink SAS,163468,52396,Crystal River,8192,4096
Marlink SAS,163468,42365,Genesis River,8192,4096
POSH SAUDI CO.LTD.,258623,47399,POSH FULMAR,8192,4096
Uniwise Offshore Ltd,270093,54394,Uniwise Supporter,8192,4096
Siem Shipping UK Ltd,247991,38077,SIEM ARISTOTLE,8192,4096
Tha-Ra Express Offshore Company Limited,270194,56511,Express 101,8192,4096
Mermaid Subsea Services,246926,1108,Mermaid Sapphire,8192,4096
Frontline Management (Bermuda) Ltd,128786,60958,Baltimore Express,8192,4096
JSAT MOBILE COMMUNICATIONS INC,208629,43359,YOKOSUKA,8192,4096
Marine Technologies LLC,219349,38411,C-Installer,8192,4096
NGT Services (UK) Ltd.,250383,41300,Navigator Global,8192,4096
"CONNECTA SATELLITE SOLUTIONS, LLC",207029,53742,AllanKay,8192,4096
Marlink SAS,163468,61939,Patriot State,8192,4096
World Link Communications,101174,44753,Thalassa Niki ,8192,4096
Navarino Technology CY Ltd,241791,24051,GAZ IMPERIAL,8192,4096
Navarino Technology CY Ltd,241791,28267,AGIOS NIKOLAS,8192,4096
Navarino Technology CY Ltd,241791,24740,KYRAKATINGO,8192,4096
Torm A/S,246773,39507,Torm Leader,8192,4096
Torm A/S,246773,3392,Torm Resilience,8192,4096
Torm A/S,246773,1671,Torm Ragnhild,8192,4096
Torm A/S,246773,1487,Torm Republican,8192,4096
Torm A/S,246773,1382,Torm Helvig,8192,4096
Alphatron Marine BV,213709,5200,Ortelius,8192,2048
Alphatron Marine BV,213709,5202,Plancius,8192,2048
Alphatron Marine BV,213709,17227,Hondius (system 1),8192,2048
Alphatron Marine BV,213709,17228,Hondius (system 2),8192,2048
Frontline Management (Bermuda) Ltd,128786,511,M/V Front Queen,8192,4096
Frontline Management (Bermuda) Ltd,128786,2851,KSL Seoul,8192,4096
Frontline Management (Bermuda) Ltd,128786,4189,Front Capella,8192,4096
Frontline Management (Bermuda) Ltd,128786,3053,Front Leopard,8192,4096
Frontline Management (Bermuda) Ltd,128786,2533,KSL Santiago,8192,4096
Frontline Management (Bermuda) Ltd,128786,3450,Golden Incus,8192,4096
Frontline Management (Bermuda) Ltd,128786,4432,Front Polaris,8192,4096
Frontline Management (Bermuda) Ltd,128786,7662,FLEX FREEDOM Hull No 2492,8192,4096
Frontline Management (Bermuda) Ltd,128786,4129,Front Empire,8192,4096
Frontline Management (Bermuda) Ltd,128786,3381,Sea Marathon,8192,4096
Frontline Management (Bermuda) Ltd,128786,41470,SFL MAUI,8192,4096
Frontline Management (Bermuda) Ltd,128786,4276,Front Castor,8192,4096
Frontline Management (Bermuda) Ltd,128786,3997,Golden Opal,8192,4096
Frontline Management (Bermuda) Ltd,128786,4069,Front Earl,8192,4096
Frontline Management (Bermuda) Ltd,128786,4532,Front Pollux,8192,4096
Frontline Management (Bermuda) Ltd,128786,4126,Front Duchess,8192,4096
Frontline Management (Bermuda) Ltd,128786,4371,Front Crystal,8192,4096
Frontline Management (Bermuda) Ltd,128786,1961,Front Cougar,8192,4096
Frontline Management (Bermuda) Ltd,128786,41846,Maersk Zambezi,8192,4096
Frontline Management (Bermuda) Ltd,128786,1530,SFL Composer,8192,4096
RollDock Shipping B.V.,248879,31011,Rolldock Sun,8192,4096
RollDock Shipping B.V.,248879,31015,Rolldock Star,8192,4096
RollDock Shipping B.V.,248879,31014,Rolldock Sea,8192,4096
RollDock Shipping B.V.,248879,31012,Rolldock Storm,8192,4096
RollDock Shipping B.V.,248879,31013,Rolldock Sky,8192,4096
RollDock Shipping B.V.,248879,16205,BIGROLL BERING,8192,4096
RollDock Shipping B.V.,248879,15419,BIGROLL BEAUFORT,8192,4096
KAWASAKI KISEN KAISHA,112109,38429,TEDORIGAWA,8192,4096
KAWASAKI KISEN KAISHA,112109,39042,TONEGAWA,8192,4096
KAWASAKI KISEN KAISHA,112109,11026,AL RAYYAN,8192,4096
NSSL Global Gmbh,190057,3494,Pacific Liberty,8192,4096
NSSL Global Gmbh,190057,3407,Pacific Aurora,8192,4096
"Subcom, LLC",246759,353,CS Durable ,8192,4096
H.P. Holmeset AS,246573,31569,GEIR III,8192,4096
Kotug International BV,145044,38643,SD Honour,8192,4096
Westrybflot JSC,250681,3766,Armenak Babaev,8192,4096
Station Satcom Pte Ltd,244172,41310,PEARL RIVER BRIDGE,8192,4096
Morskaya Zvezda Ltd.,250264,1256,M/V Lira,8192,4096
JSC Atlantrybflot,130495,3704,Osveyskoe,8192,4096
JSC Atlantrybflot,130495,3706,Aleksey Anichkin,8192,4096
JSC Atlantrybflot,130495,7710,Ester,8192,4096
Landhelgisgaesla Islands,246888,959,M/V Thor,8192,4096
Landhelgisgaesla Islands,246888,42763,Freyja,8192,4096
NGT Services (UK) Ltd.,250383,3974,NAVIGATOR NOVA,8192,4096
NGT Services (UK) Ltd.,250383,25777,NAVIGATOR VIRGO,8192,4096
NGT Services (UK) Ltd.,250383,38674,NAVIGATOR ARIES,8192,4096
NGT Services (UK) Ltd.,250383,33569,NAVIGATOR GLORY,8192,4096
NGT Services (UK) Ltd.,250383,39781,NAVIGATOR GENESIS,8192,4096
NGT Services (UK) Ltd.,250383,31561,Navigator Umbrio,8192,4096
NGT Services (UK) Ltd.,250383,3747,Navigator Eclipse,8192,4096
NGT Services (UK) Ltd.,250383,33929,Navigator Grace,8192,4096
NGT Services (UK) Ltd.,250383,3759,NAVIGATOR YAUZA,8192,4096
NGT Services (UK) Ltd.,250383,25347,NAVIGATOR SCORPIO,8192,4096
NGT Services (UK) Ltd.,250383,4025,NAVIGATOR PROMINENCE,8192,4096
NGT Services (UK) Ltd.,250383,17710,NAVIGATOR TAURUS,8192,4096
NGT Services (UK) Ltd.,250383,38673,NAVIGATOR GUSTO,8192,4096
NGT Services (UK) Ltd.,250383,21436,NAVIGATOR JORF,8192,4096
NGT Services (UK) Ltd.,250383,3364,NAVIGATOR AURORA,8192,4096
LSC SIA,230069,3187,Salacgriva,8192,4096
LSC SIA,230069,2916,Ainazi,8192,4096
LSC SIA,230069,5729,Elandra Corallo,8192,4096
Murmansk Trawl Fleet JSC,246632,1665,Vasiliy Golovnin,8192,4096
Marlink SAS,163468,22815,Atlantic Raven-9187942,8192,2048
Marlink SAS,163468,36318,Global Falcon,8192,4096
Marlink SAS,163468,22324,Atlantic Eagle-9199103,8192,2048
SD Power BV,259769,34945,SD Power,8192,4096
Geoquip Marine Operations AG,259887,42251,Poseidon 1,8192,4096
Koralhav A/S,246879,37907,M/S KORALHAV,8192,4096
"China Transport Telecommunication Info Gp Co., Ltd",189410,42387,ZHONG SHAN DA XUE,8192,4096
PXGEO ASIA PTE. LTD.,261468,42464,PXGEO 2,8192,4096
POSH FLEET SERVICES PTE LTD,241509,21477,Posh Oribi,8192,4096
POSH FLEET SERVICES PTE LTD,241509,21480,Posh Impala,8192,4096
POSH FLEET SERVICES PTE LTD,241509,21651,Posh Gemsbok,8192,4096
POSH FLEET SERVICES PTE LTD,241509,21538,Posh Okapi,8192,4096
POSH FLEET SERVICES PTE LTD,241509,21648,Posh Steenbok,8192,4096
Thome Offshore Management Pte Ltd,246767,54924,Bluebird,8192,4096
NLNG Ship Management Ltd,247962,58851,LNG CROSS-RIVER,8192,4096
NLNG Ship Management Ltd,247962,58855,LNG PORT HARCOURT II,8192,4096
NLNG Ship Management Ltd,247962,58850,LNG ADAMAWA,8192,4096
NLNG Ship Management Ltd,247962,58854,LNG FINIMA II,8192,4096
NLNG Ship Management Ltd,247962,55084,LNG AKWA IBOM,8192,4096
NLNG Ship Management Ltd,247962,58849,LNG SOKOTO,8192,4096
NLNG Ship Management Ltd,247962,58852,LNG RIVER-NIGER,8192,4096
NLNG Ship Management Ltd,247962,55083,LNG LAGOS II,8192,4096
NLNG Ship Management Ltd,247962,58853,LNG BONNY II,8192,4096
NGT Services (UK) Ltd.,250383,36986,Navigator Ceto,8192,4096
NGT Services (UK) Ltd.,250383,30937,NAVIGATOR VENUS,8192,4096
NGT Services (UK) Ltd.,250383,41985,NAVIGATOR LIBRA,8192,4096
NGT Services (UK) Ltd.,250383,33612,Navigator Centauri,8192,4096
NGT Services (UK) Ltd.,250383,25307,NAVIGATOR PHOENIX,8192,4096
NGT Services (UK) Ltd.,250383,25306,NAVIGATOR PEGASUS,8192,4096
NGT Services (UK) Ltd.,250383,41518,NAVIGATOR LEO,8192,4096
NGT Services (UK) Ltd.,250383,17879,NAVIGATOR SATURN,8192,4096
NGT Services (UK) Ltd.,250383,33930,Navigator Ceres,8192,4096
NGT Services (UK) Ltd.,250383,41603,NAVIGATOR PLUTO,8192,4096
NGT Services (UK) Ltd.,250383,39057,Navigator Copernico,8192,4096
NGT Services (UK) Ltd.,250383,3826,NAVIGATOR LUGA,8192,4096
"China Transport Telecommunication Info Gp Co., Ltd",189410,46797,Song Hang,8192,4096
NGT Services (UK) Ltd.,250383,28563,Navigator Oberon,8192,4096
NGT Services (UK) Ltd.,250383,42844,NAVIGATOR GEMINI,8192,4096
NGT Services (UK) Ltd.,250383,28692,Navigator Triton,8192,4096
Horizon Maritime Services Ltd,254465,17043,North Sea Enabler,8192,4096
Orbyt Global SA,261344,22751,KOI FX,8192,4096
World Link Communications,101174,40198,Flora Delmas,8192,3072
World Link Communications,101174,36809,CMA CGM Puerto Antioquia,8192,3072
World Link Communications,101174,36808,CMA CGM Malta,8192,3072
Torm A/S,246773,28294,Torm Australia,8192,4096
"CONNECTA SATELLITE SOLUTIONS, LLC",207029,5761,AGE OF UNION,8192,4096
Orbyt Global SA,261344,23849,BELLINI FX,8192,4096
Orbyt Global SA,261344,22431,FLAGSHIP SAGE FX,8192,4096
Orbyt Global SA,261344,24604,FLAGSHIP VIOLET FX,8192,4096
Orbyt Global SA,261344,21756,RS TARA,8192,4096
Orbyt Global SA,261344,23250,GAS GROUPER FX,8192,4096
Orbyt Global SA,261344,24262,FLAGSHIP TULIP FX,8192,4096
Orbyt Global SA,261344,24574,AVANTI FX,8192,4096
Orbyt Global SA,261344,22333,FLAGSHIP ORCHID FX,8192,4096
Orbyt Global SA,261344,23811,FLAGSHIP IVY FX,8192,4096
Orbyt Global SA,261344,22682,FLAGSHIP WILLOW FX,8192,4096
Orbyt Global SA,261344,23473,ANDIAMO FX,8192,4096
Orbyt Global SA,261344,25190,FLAGSHIP PRIVET FX,8192,4096
Orbyt Global SA,261344,28921,ENDLESS SUMMER FX,8192,4096
IMARSAT GLOBAL LIMITED,258525,31065,ProdSanityNewCustomerSite16thJan,8192,3072
OCEANEERING INTERNATIONAL SERVICES,176798,40987,VIRGINIA ANN PO # BUOTM-87440,8192,4096
"Subcom, LLC",246759,4434,CS Durable Client 1,8192,4096
